<?xml version="1.0" encoding="UTF-8"?>
<Configuration monitorInterval="60" status="all" verbose="">
	<Properties>
		<Property name="log-path">PropertiesConfiguration</Property>
	</Properties>
	<Appenders>
		<Console name="Console-Appender" target="SYSTEM_OUT">
			<PatternLayout>
				<pattern>
					[%-5level] %c{1} - %msg
				</pattern>
			</PatternLayout>
		</Console>
	</Appenders>
	<Loggers>
		<Logger name="org.jboss.weld" level="all" additivity="false">
			<AppenderRef ref="Console-Appender" />
		</Logger>

		<!-- Log everything in hibernate -->
		<Logger name="org.hibernate" level="all" additivity="false">
			<AppenderRef ref="Console-Appender" />
		</Logger>

		<!-- Log SQL statements -->
		<Logger name="org.hibernate.SQL" level="all" additivity="false">
			<AppenderRef ref="Console-Appender" />
		</Logger>

		<!-- Log JDBC bind parameters -->
		<Logger name="org.hibernate.type" level="all" additivity="false">
			<AppenderRef ref="Console-Appender" />
		</Logger>
		<Logger name="org.hibernate.type.descriptor.sql" level="all" additivity="false">
			<AppenderRef ref="Console-Appender" />
		</Logger>

		<Logger name="org.hibernate.pretty" level="all" additivity="false">
			<AppenderRef ref="Console-Appender" />
		</Logger>
		<Logger name="org.hibernate.cache" level="all" additivity="false">
			<AppenderRef ref="Console-Appender" />
		</Logger>
		<Logger name="org.hibernate.stat" level="all" additivity="false">
			<AppenderRef ref="Console-Appender" />
		</Logger>
		<Logger name="org.hibernate.hql.internal.ast.AST" level="all" additivity="false">
			<AppenderRef ref="Console-Appender" />
		</Logger>
		<Logger name="org.hibernate.tool.hbm2ddl" level="all" additivity="false">
			<AppenderRef ref="Console-Appender" />
		</Logger>

		<Root level="all">
			<AppenderRef ref="Console-Appender" />
		</Root>
	</Loggers>
</Configuration>